title,description,publishedAt,channelId,channelTitle,videoId,viewCount,likeCount,commentCount,collectionDate,url,tags,validation_status
Esteja rodeado do que te faz feliz!,"Esteja sempre rodeado pelo que te faz feliz.” Aqui no MDA, isso é moleza. Pra muita gente, felicidade é comida da boa, café ...",2026-02-06T16:30:57Z,UCOa0S2a6MPUTe8YNWRZbY4g,TV MDA,_Xf2PtL9ke4,198,3,0,2026-02-09 18:48:10.260942,www.youtube.com/watch?v=_Xf2PtL9ke4,[],VALID
Faça parte do Pacto Nacional Brasil Contra o Feminicídio.,"Um pacto pela vida das mulheres. A sociedade e os três poderes da República unidos contra o feminicídio. Homem, seja um ...",2026-02-04T20:00:29Z,UCOa0S2a6MPUTe8YNWRZbY4g,TV MDA,fTRgCK04bvQ,229,10,0,2026-02-09 18:48:10.731608,www.youtube.com/watch?v=fTRgCK04bvQ,[],VALID
Faça parte do Pacto Nacional Brasil Contra o Feminicídio.,"Um pacto pela vida das mulheres. A sociedade e os três poderes da República unidos contra o feminicídio. Homem, seja um ...",2026-02-04T17:19:58Z,UCOa0S2a6MPUTe8YNWRZbY4g,TV MDA,ymrIr8tb9Fw,85,8,0,2026-02-09 18:48:11.176616,www.youtube.com/watch?v=ymrIr8tb9Fw,[],VALID
Entrega do Assentamento Elizabeth Teixeira,,2026-02-06T04:55:39Z,UCOa0S2a6MPUTe8YNWRZbY4g,TV MDA,0Fj_qQ3KWQc,353,15,0,2026-02-09 18:48:11.626713,www.youtube.com/watch?v=0Fj_qQ3KWQc,[],VALID
Recordes da justiça social,"O país subiu de nível. Nova fase desbloqueada: inclusão, oportunidade e recordes batidos. Olha aonde a gente chegou!",2026-02-04T11:01:24Z,UCoIynWfEJb3sLmlFc-YmpJQ,MDS,m9OaquaI4Sc,1006677,642,-,2026-02-09 18:48:12.415144,www.youtube.com/watch?v=m9OaquaI4Sc,"['Ministério', 'MDS', 'governo federal', 'Brasil', 'Desenvolvimento social', 'Combate à Fome', 'pobreza', 'superação da pobreza', 'Bolsa Famíllia', 'oportunidade', 'assistência social', 'segurança alimentar', 'inclusão']",PENDING
Saberes do Alimenta: Mudanças climáticas e Sistemas Alimentares  - 22/01/2026,Bem-vindo ao perfil do Canal MDS no YouTube. Aqui você acompanha as ações e notícias do Governo Federal.,2026-02-05T17:35:02Z,UCoIynWfEJb3sLmlFc-YmpJQ,MDS,wSj0d-9XkBk,118,10,-,2026-02-09 18:48:12.863590,www.youtube.com/watch?v=wSj0d-9XkBk,"['Ministério', 'MDS', 'governo federal', 'Brasil', 'Desenvolvimento social', 'Combate à Fome', 'pobreza', 'superação da pobreza', 'Bolsa Famíllia', 'oportunidade', 'assistência social', 'segurança alimentar', 'inclusão']",PENDING
Olha aonde a gente chegou,"Se você ainda não percebeu, o Brasil melhorou. Aperta o play e veja aonde a gente chegou!",2026-02-04T16:47:13Z,UCoIynWfEJb3sLmlFc-YmpJQ,MDS,XSYp_VDORsU,75,5,-,2026-02-09 18:48:13.261101,www.youtube.com/watch?v=XSYp_VDORsU,"['Ministério', 'MDS', 'governo federal', 'Brasil', 'Desenvolvimento social', 'Combate à Fome', 'pobreza', 'superação da pobreza', 'Bolsa Famíllia', 'oportunidade', 'assistência social', 'segurança alimentar', 'inclusão']",PENDING
1º Ciclo do ano de 2026 é o Protocolo Brasil sem Fome - 06/02/2026,Bem-vindo ao perfil do Canal MDS no YouTube. Aqui você acompanha as ações e notícias do Governo Federal.,2026-02-07T09:05:46Z,UCoIynWfEJb3sLmlFc-YmpJQ,MDS,ZglKw9lBo2A,466,43,-,2026-02-09 18:48:13.768194,www.youtube.com/watch?v=ZglKw9lBo2A,"['Ministério', 'MDS', 'governo federal', 'Brasil', 'Desenvolvimento social', 'Combate à Fome', 'pobreza', 'superação da pobreza', 'Bolsa Famíllia', 'oportunidade', 'assistência social', 'segurança alimentar', 'inclusão']",PENDING
Olha aonde a gente chegou,"Se você ainda não percebeu, o Brasil melhorou. Aperta o play e veja aonde a gente chegou!",2026-02-03T11:01:14Z,UCoIynWfEJb3sLmlFc-YmpJQ,MDS,jWr8KXrap9k,2157174,33,-,2026-02-09 18:48:14.238314,www.youtube.com/watch?v=jWr8KXrap9k,"['Ministério', 'MDS', 'governo federal', 'Brasil', 'Desenvolvimento social', 'Combate à Fome', 'pobreza', 'superação da pobreza', 'Bolsa Famíllia', 'oportunidade', 'assistência social', 'segurança alimentar', 'inclusão']",PENDING
Olha aonde a gente chegou,"Se você olhar bem, verá como o Brasil avançou no último ano. Assista e veja aonde o país chegou e para onde seguimos.",2026-02-03T13:23:57Z,UCoIynWfEJb3sLmlFc-YmpJQ,MDS,Pe9n6qiEPgc,214,3,-,2026-02-09 18:48:14.665516,www.youtube.com/watch?v=Pe9n6qiEPgc,"['Ministério', 'MDS', 'governo federal', 'Brasil', 'Desenvolvimento social', 'Combate à Fome', 'pobreza', 'superação da pobreza', 'Bolsa Famíllia', 'oportunidade', 'assistência social', 'segurança alimentar', 'inclusão']",PENDING
Saberes do Alimenta: Inovações na Gestão e Implementação de Bancos de Alimentos – 27/01/2026,Bem-vindo ao perfil do Canal MDS no YouTube. Aqui você acompanha as ações e notícias do Governo Federal.,2026-02-05T17:29:56Z,UCoIynWfEJb3sLmlFc-YmpJQ,MDS,ifKicjq9Bzw,63,9,-,2026-02-09 18:48:15.128408,www.youtube.com/watch?v=ifKicjq9Bzw,"['Ministério', 'MDS', 'governo federal', 'Brasil', 'Desenvolvimento social', 'Combate à Fome', 'pobreza', 'superação da pobreza', 'Bolsa Famíllia', 'oportunidade', 'assistência social', 'segurança alimentar', 'inclusão']",PENDING
Operação Acolhida: como os migrantes são recebidos no Brasil,A estratégia do Governo do Brasil e parceiros ao receber e interiorizar migrantes venezuelanos é tema deste episódio da ...,2026-02-02T20:39:31Z,UCoIynWfEJb3sLmlFc-YmpJQ,MDS,7NzLttMIsFY,100,3,-,2026-02-09 18:48:15.650333,www.youtube.com/watch?v=7NzLttMIsFY,"['Ministério', 'MDS', 'governo federal', 'Brasil', 'Desenvolvimento social', 'Combate à Fome', 'pobreza', 'superação da pobreza', 'Bolsa Famíllia', 'oportunidade', 'assistência social', 'segurança alimentar', 'inclusão']",PENDING
"Live “Bolsa Família: Fique Ligado no que Está Acontecendo”,  11/02/2026",Link para perguntas: Bem-vindo ao perfil do Canal MDS no YouTube. Aqui você acompanha as ações e notícias do Governo ...,2026-02-06T18:38:52Z,UCoIynWfEJb3sLmlFc-YmpJQ,MDS,a7rugTugQnc,0,6,-,2026-02-09 18:48:16.102111,www.youtube.com/watch?v=a7rugTugQnc,"['Ministério', 'MDS', 'governo federal', 'Brasil', 'Desenvolvimento social', 'Combate à Fome', 'pobreza', 'superação da pobreza', 'Bolsa Famíllia', 'oportunidade', 'assistência social', 'segurança alimentar', 'inclusão']",PENDING
1º Levantamento da Safra de Café 2026,"A Companhia Nacional de Abastecimento (Conab) apresentará, nesta quinta-feira (5), os resultados do 1º Levantamento da ...",2026-02-06T00:49:19Z,UC96f8ja38mHBQSOaRDnZWEw,CONAB,2RlcfhZVsYs,1500,56,0,2026-02-09 18:48:17.469235,www.youtube.com/watch?v=2RlcfhZVsYs,[],VALID
"Produção de café na safra 2026 está estimada em 66,2 milhões de sacas","Em ano de bienalidade positiva, a produção de café deve chegar a 66,2 milhões de toneladas, é o que mostra o 1º Levantamento ...",2026-02-06T14:50:02Z,UC96f8ja38mHBQSOaRDnZWEw,CONAB,e9jecW9LAJI,379,18,4,2026-02-09 18:48:17.906905,www.youtube.com/watch?v=e9jecW9LAJI,[],VALID
Lançamento do Edital Florestas e Comunidades: Amazônia Viva,"A Conab e o BNDES lançam o edital do projeto “Florestas e Comunidades: Amazônia Viva”, com recursos do Fundo Amazônia, ...",2026-02-03T22:47:41Z,UC96f8ja38mHBQSOaRDnZWEw,CONAB,AVHGhM526Uc,2422,282,22,2026-02-09 18:48:18.360095,www.youtube.com/watch?v=AVHGhM526Uc,[],VALID
Confira os benefícios do Limão Taiti para o corpo e sistema imunológico.,,2026-02-06T10:01:36Z,UC3Ev4_kzxTyXr9y0qxexxaw,CEAGESP,weofNRIn4KI,351,10,1,2026-02-09 18:48:19.102636,www.youtube.com/watch?v=weofNRIn4KI,[],VALID
Ceagesp entrega banheiro dos carregadores totalmente reformado #Ceagesp #carregadores #reforma,"A Ceagesp entregou nesta segunda-feira, 2/02, o banheiro do Galpão dos Carregadores totalmente reformado. Agora, os ...",2026-02-02T19:52:58Z,UC3Ev4_kzxTyXr9y0qxexxaw,CEAGESP,FsR9SkeIHVo,502,7,0,2026-02-09 18:48:19.662234,www.youtube.com/watch?v=FsR9SkeIHVo,[],VALID
Confira de onde vem o Limão Taiti comercializado na maior Central de abastecimento da América do Sul,,2026-02-05T16:33:06Z,UC3Ev4_kzxTyXr9y0qxexxaw,CEAGESP,4HDbuRFrhy4,370,4,0,2026-02-09 18:48:20.081564,www.youtube.com/watch?v=4HDbuRFrhy4,[],VALID
Limão Taiti é o produto destaque da semana (2 a 6/02) no atacado da Ceagesp.,,2026-02-04T18:34:50Z,UC3Ev4_kzxTyXr9y0qxexxaw,CEAGESP,rTrido_yl-8,1061,16,0,2026-02-09 18:48:20.609948,www.youtube.com/watch?v=rTrido_yl-8,[],VALID
Ceagesp recebe Sebrae Móvel de 3 a 5 de fevereiro de 2026 no bolsão do Portão 3,,2026-02-04T01:18:28Z,UC3Ev4_kzxTyXr9y0qxexxaw,CEAGESP,t4jz4n678RQ,26,2,0,2026-02-09 18:48:21.056132,www.youtube.com/watch?v=t4jz4n678RQ,[],VALID
Oficina virtual de apresentação do Edital,,2026-02-09T19:24:55Z,UCNylZNjL7Q64L-t9SgZ9WOw,Anater,KJ4bpmTQRO0,407,49,1,2026-02-09 18:48:21.863228,www.youtube.com/watch?v=KJ4bpmTQRO0,[],VALID
Vistoria técnica em Plano de Manejo Florestal Sustentável na Floresta Nacional do Amapá,"Uma equipe do Ibama, formada por servidores novos e veteranos, realizou vistoria em um Plano de Manejo Florestal Sustentável ...",2026-02-03T18:46:31Z,UCJEJjqCqqDzdW9vaZE_Ct-g,Ibama,HfkzpC3jCB4,167,19,6,2026-02-09 18:48:23.050319,www.youtube.com/watch?v=HfkzpC3jCB4,[],PENDING
Paulo e a Formiga Gigante | A vida da Amazônia começa em você,"Neste episódio da websérie A Vida da Amazônia Começa em Você, a força do trabalho coletivo ganha forma na história de Paulo ...",2026-02-04T15:01:42Z,UC2FR9u4Dhe8hUa3m_CPHUBg,Banco da Amazônia,rCAC0oY53Tc,174,15,0,2026-02-09 18:48:23.851553,www.youtube.com/watch?v=rCAC0oY53Tc,"['#conexaoamazoniashorts', '#cop30conexaoshorts']",PENDING
"Trabalho coletivo, geração de renda e futuro sustentável. 🌱","Com apoio do Banco da Amazônia, o Paulo transformou cooperação em desenvolvimento, fortalecendo produtores locais, ...",2026-02-04T22:03:45Z,UC2FR9u4Dhe8hUa3m_CPHUBg,Banco da Amazônia,PZ2NGD3InhE,43,3,0,2026-02-09 18:48:24.296865,www.youtube.com/watch?v=PZ2NGD3InhE,"['#conexaoamazoniashorts', '#cop30conexaoshorts']",PENDING
Onde investir em fevereiro de 2026 | InvesTalk BB,Quer saber mais sobre diversificação de investimentos e como montar sua carteira? Confira o relatório completo: ...,2026-02-02T22:07:53Z,UCayJQj7hiNhfFk-MJ8Z9H0w,Banco do Brasil,vSq1YGnNBSs,3237,103,0,2026-02-09 18:48:25.097683,www.youtube.com/watch?v=vSq1YGnNBSs,[],PENDING
Onde investir em fevereiro de 2026 | InvesTalk BB,Quer saber mais sobre diversificação de investimentos e como montar sua carteira? Confira o relatório completo: ...,2026-02-02T22:02:09Z,UCayJQj7hiNhfFk-MJ8Z9H0w,Banco do Brasil,fQ-F1guBLD4,2247,121,3,2026-02-09 18:48:25.482288,www.youtube.com/watch?v=fQ-F1guBLD4,[],PENDING
Momento RPPS – 02/02/2026,"Análise semanal de mercado e os impactos no mundo RPPS, com destaques: No Exterior: Semana marcada pela decisão de ...",2026-02-02T19:05:07Z,UCayJQj7hiNhfFk-MJ8Z9H0w,Banco do Brasil,20Q2e_YgaWM,392,31,1,2026-02-09 18:48:25.928586,www.youtube.com/watch?v=20Q2e_YgaWM,[],PENDING
BB Private Talks - Fevereiro/26 - Geopolítica e expectativas de juros orientam os mercados | BB,"Confira a análise de Richardi Ferreira, CGA, CNPI, estrategista de investimentos do BB Private, sobre o cenário macroeconômico ...",2026-02-06T17:16:25Z,UCayJQj7hiNhfFk-MJ8Z9H0w,Banco do Brasil,ZZz2ArY91xI,494,31,2,2026-02-09 18:48:26.397698,www.youtube.com/watch?v=ZZz2ArY91xI,[],PENDING
A gente não sabia onde isso ia dar… agora o mundo inteiro sabe,"O mundo descobriu o que a gente já sabe: nosso talento brilha, nossas histórias conquistam e o nosso cinema é o retrato da ...",2026-02-05T21:45:52Z,UCPbhr02AfVb2nd5pm12BxTw,CAIXA,uQQ5kSYRz9g,805,10,1,2026-02-09 18:48:27.193977,www.youtube.com/watch?v=uQQ5kSYRz9g,[],PENDING
Loterias CAIXA | Loteria Federal | 04/02/2026,Loteria Federal - extração 06039-9. #LoteriasCAIXA #JáPensou.,2026-02-04T23:18:00Z,UCPbhr02AfVb2nd5pm12BxTw,CAIXA,BeFtPru_yHg,108134,1671,28,2026-02-09 18:48:27.634854,www.youtube.com/watch?v=BeFtPru_yHg,[],PENDING
Loterias CAIXA | 03/02/2026,Mega-sena - concurso nº 2968; Lotofácil - concurso nº 3604; Quina - concurso nº 6944; Timemania - concurso nº 2351; Dia de ...,2026-02-04T00:35:49Z,UCPbhr02AfVb2nd5pm12BxTw,CAIXA,ZLtImd09rOI,59036,1252,18,2026-02-09 18:48:28.161592,www.youtube.com/watch?v=ZLtImd09rOI,[],PENDING
Loterias CAIXA | 06/02/2026,Quina - concurso nº 6947; Lotofácil - concurso nº 3607; Lotomania - concurso nº 2885; Dupla Sena - concurso nº 2922; Super ...,2026-02-07T00:55:17Z,UCPbhr02AfVb2nd5pm12BxTw,CAIXA,sGDDKtxNazE,35763,892,9,2026-02-09 18:48:28.534974,www.youtube.com/watch?v=sGDDKtxNazE,[],PENDING
Loterias CAIXA | 04/02/2026,Quina - concurso nº 6945; Lotofácil - concurso nº 3605; Lotomania - concurso nº 2884; + Milionária - concurso nº 326; Dupla Sena ...,2026-02-05T13:05:22Z,UCPbhr02AfVb2nd5pm12BxTw,CAIXA,OU1SOJ-4d5A,49317,1056,13,2026-02-09 18:48:28.985879,www.youtube.com/watch?v=OU1SOJ-4d5A,[],PENDING
Loterias CAIXA | 02/02/2026,Transmissão dos Sorteios Loterias CAIXA: Quina - concurso nº 6943; Lotofácil - concurso nº 3603; Lotomania - concurso nº 2863; ...,2026-02-03T00:51:50Z,UCPbhr02AfVb2nd5pm12BxTw,CAIXA,tKLsvF-XhkA,42426,1027,14,2026-02-09 18:48:29.454894,www.youtube.com/watch?v=tKLsvF-XhkA,[],PENDING
Loterias CAIXA | 07/02/2026,Transmissão dos Sorteios Loterias CAIXA: Mega-sena - concurso nº 2970; Lotofácil - concurso nº 3608; Quina - concurso nº 6948 ...,2026-02-08T01:21:46Z,UCPbhr02AfVb2nd5pm12BxTw,CAIXA,6fwlu5bqkzs,45225,995,15,2026-02-09 18:48:29.898801,www.youtube.com/watch?v=6fwlu5bqkzs,[],PENDING
Loterias CAIXA | Loteria Federal | 07/02/2026,Transmissão dos Sorteios Loterias CAIXA: Loteria Federal - extração 06040-2. #LoteriasCAIXA #JáPensou.,2026-02-07T23:16:47Z,UCPbhr02AfVb2nd5pm12BxTw,CAIXA,up4AmvPpAtQ,105831,1703,105,2026-02-09 18:48:30.332056,www.youtube.com/watch?v=up4AmvPpAtQ,[],PENDING
Loterias CAIXA | 05/02/2026,Transmissão dos Sorteios Loterias CAIXA: Mega-sena - concurso nº 2969; Lotofácil - concurso nº 3606; Quina - concurso nº 6946 ...,2026-02-06T00:56:43Z,UCPbhr02AfVb2nd5pm12BxTw,CAIXA,7iVcoE9twhg,57131,1257,48,2026-02-09 18:48:30.773368,www.youtube.com/watch?v=7iVcoE9twhg,[],PENDING
PodCulturaR T2. Ep.21 - Daniela Mercury encerra a 2ª temporada do PodCulturaR,O último episódio do PodCulturaR da segunda temporada tá puro Carnaval no ar! E quem está culturando com a gente neste ...,2026-02-05T15:00:23Z,UCPbhr02AfVb2nd5pm12BxTw,CAIXA,8jLIuMn6Taw,1971,101,12,2026-02-09 18:48:31.313584,www.youtube.com/watch?v=8jLIuMn6Taw,[],PENDING
BOMBA: Testemunha joga escândalo do INSS no colo do Lulinha,BOMBA: Testemunha joga escândalo do INSS no colo do Lulinha. Uma nova testemunha afirmou que o operador conhecido ...,2026-02-03T16:26:52Z,UCBUqZ4qQIYZUwi_gF-ougBQ,Paula Marisa,ELAxkuPOX-A,42450,11132,543,2026-02-09 18:48:32.485064,www.youtube.com/watch?v=ELAxkuPOX-A,"['paula marisa', 'professora paula marisa', 'professora paula', 'política', 'notícias', 'análise', 'escândalo do inss', 'inss lulinha', 'lulinha escândalo inss', 'lula filho inss', 'careca do inss', 'denúncia inss lulinha', 'testemunha inss esquema', 'esquema inss governo lula', 'governo lula corrupção inss', 'inss fraude brasil', 'inss esquema político', 'tcu escola de samba lula', 'escola de samba homenagem lula dinheiro público', 'carnaval verba governo lula', 'lula corrupção hoje', 'lulinha notícias hoje']",PENDING
VÍDEO VAZA: Toffoli dita roteiro pra controlar o caso Master,"Um vídeo vazado revela que Toffoli ditou um roteiro de perguntas para tentar controlar o depoimento no caso Banco Master, ...",2026-02-02T20:03:28Z,UCBUqZ4qQIYZUwi_gF-ougBQ,Paula Marisa,dhyK4BWLd5U,35477,9437,341,2026-02-09 18:48:32.930020,www.youtube.com/watch?v=dhyK4BWLd5U,"['paula marisa', 'professora paula marisa', 'professora paula', 'te atualizei', 'kim paim', 'ANCAPSU', 'GUSTAVO GAYER', 'OILUIZ TV', 'vídeo vaza toffoli', 'toffoli roteiro depoimento', 'toffoli banco master', 'banco master escândalo', 'caso banco master stf', 'daniel vorcaro banco master', 'vorcaro escândalo', 'vídeo vazado stf', 'interferência toffoli investigação', 'toffoli tenta abafar caso master', 'governo lula banco master', 'lula escândalo banco master', 'foto fake bolsonaro vorcaro']",PENDING
CENA BIZARRA: STF admite abuso e aparece no camarote do estádio,Acesse o treinamento gratuito https://whatsapp.aescoladenegocios.com.br/l/paula-marisa CENA BIZARRA: STF admite abuso e ...,2026-02-03T13:01:55Z,UCBUqZ4qQIYZUwi_gF-ougBQ,Paula Marisa,LH4YjSI5n60,36580,9351,492,2026-02-09 18:48:33.394183,www.youtube.com/watch?v=LH4YjSI5n60,"['professora paula marisa', 'professora paula', 'política', 'notícias', 'análise', 'PAULA MARISA', 'cena bizarra stf', 'stf camarote estádio', 'stf admite abuso', 'edson fachin stf discurso', 'fachin código de ética stf', 'supremo tribunal federal crise', 'ministros stf com lula', 'lula stf camarote', 'abertura ano judiciário stf', 'stf passou dos limites', 'stf perdeu controle', 'stf código de conduta', 'judiciário brasileiro crise', 'stf vergonha nacional', 'stf hipocrisia', 'bastidores supremo tribunal']",PENDING
Lula chama trabalhador de playboy e arma jantar milionário,"Acesse o treinamento gratuito https://whatsapp.aescoladenegocios.com.br/l/paula-marisa Lula ataca trabalhador, apaga post e ...",2026-02-06T21:30:12Z,UCBUqZ4qQIYZUwi_gF-ougBQ,Paula Marisa,sOa1_JZYMCE,33026,8166,263,2026-02-09 18:48:33.925419,www.youtube.com/watch?v=sOa1_JZYMCE,"['paula marisa', 'professora paula marisa', 'professora paula', 'te atualizei', 'kim paim', 'política', 'notícias', 'análise', 'oeste sem filtro', 'jovem pan', 'OILUIZ TV', 'GUSTAVO GAYER', 'deltan dallagnol', 'ancapsu', 'lula ataca trabalhador', 'lula chama playboy', 'lula apaga post', 'lula redes sociais hoje', 'lula jantar milionario', 'lula granja do torto', 'lula bebida cara jantar', 'governo lula hipocrisia', 'lula critica classe media', 'lula polêmica hoje', 'flávio dino penduricalhos', 'dino supersalarios camara']",PENDING
REVOLTANTE: Novo ataque a Bolsonaro e salário dobrado em Brasília,Acesse o treinamento gratuito https://whatsapp.aescoladenegocios.com.br/l/paula-marisa REVOLTANTE: Novo ataque a ...,2026-02-04T13:20:32Z,UCBUqZ4qQIYZUwi_gF-ougBQ,Paula Marisa,ni0LpLiUfQA,30428,8122,372,2026-02-09 18:48:34.381201,www.youtube.com/watch?v=ni0LpLiUfQA,"['paula marisa', 'professora paula marisa', 'professora paula', 'te atualizei', 'kim paim', 'política', 'notícias', 'análise', 'oeste sem filtro', 'bolsonaro novo julgamento', 'bolsonaro justiça militar', 'bolsonaro perda de patente', 'ataque a bolsonaro hoje', 'perseguição bolsonaro', 'aumento salario camara', 'aumento 100 salario servidor', 'super salario congresso', 'penduricalho servidores legislativo', 'farra dinheiro publico brasilia', 'privilegios politicos brasil', 'camara dos deputados salario', 'OILUIZ TV']",PENDING
Podcast solta fake news sobre Lula e toma lapada de Boulos! O clima esquentou!,"Inscreva-se no canal, ative as notificações e vamos juntos combater a extrema-direita em todas as redes! APOIE O CANAL!",2026-02-06T23:56:52Z,UCQe7zOFIYqLvtla7gsr3hQg,Danilo (Análise Política),m2sCJrY9Cec,5762,939,97,2026-02-09 18:48:35.269367,www.youtube.com/watch?v=m2sCJrY9Cec,[],VALID
Moro acusa Lula na corrupção do INSS e é AMASSADO por Pimenta e Randolfe!,"Inscreva-se no canal, ative as notificações e vamos juntos combater a extrema-direita em todas as redes! APOIE O CANAL!",2026-02-05T23:00:31Z,UCQe7zOFIYqLvtla7gsr3hQg,Danilo (Análise Política),EPspJdN889Y,355,34,4,2026-02-09 18:48:35.718294,www.youtube.com/watch?v=EPspJdN889Y,[],VALID
Pastor Henrique MASSACRA bolsonarista em debate cara a cara!,"Inscreva-se no canal, ative as notificações e vamos juntos combater a extrema-direita em todas as redes! APOIE O CANAL!",2026-02-08T23:20:00Z,UCQe7zOFIYqLvtla7gsr3hQg,Danilo (Análise Política),hd9eps7V36o,381,47,9,2026-02-09 18:48:36.193087,www.youtube.com/watch?v=hd9eps7V36o,"['Ben Mendes', 'pastor Henrique Vieira', 'esquerda', 'direita', 'política', 'debate']",VALID
"Deputado ataca gás pra pobres, é DETONADO por petista e surta!","Inscreva-se no canal, ative as notificações e vamos juntos combater a extrema-direita em todas as redes! APOIE O CANAL!",2026-02-05T20:38:31Z,UCQe7zOFIYqLvtla7gsr3hQg,Danilo (Análise Política),rLS32ZnBF_E,817,97,17,2026-02-09 18:48:36.640569,www.youtube.com/watch?v=rLS32ZnBF_E,"['gás do povo', 'Lula', 'Bolsonaro', 'Congresso inimigo do povo', 'Esquerda', 'política', 'direita', 'PT']",VALID
Lindbergh revela provas contra Bolsonaro na corrupção do Banco Master!,"Inscreva-se no canal, ative as notificações e vamos juntos combater a extrema-direita em todas as redes! APOIE O CANAL!",2026-02-03T22:29:48Z,UCQe7zOFIYqLvtla7gsr3hQg,Danilo (Análise Política),6rB_kP0LjgI,146,32,1,2026-02-09 18:48:37.087400,www.youtube.com/watch?v=6rB_kP0LjgI,[],VALID
Novos documentos!!! Escândalo s3xu4al de Epstein é avassalador e tem brasileiro no meio,Curso de AUTODEFESA VERBAL https://p.eduzz.com/2821061 www.madeleinelacsko.com.br       Quer ...,2026-02-04T19:36:14Z,UCauC2OKlRylwETaZJE67Yrg,Madeleine Lacsko,Z3csX-Xr6gg,3933,453,14,2026-02-09 18:48:37.890803,www.youtube.com/watch?v=Z3csX-Xr6gg,[],VALID
A maioria das pessoas não sabem que isso existe,Curso de AUTODEFESA VERBAL https://p.eduzz.com/2821061 www.madeleinelacsko.com.br       Quer ...,2026-02-03T21:40:00Z,UCauC2OKlRylwETaZJE67Yrg,Madeleine Lacsko,NIB4L0y4bfU,7513,1047,105,2026-02-09 18:48:38.338331,www.youtube.com/watch?v=NIB4L0y4bfU,[],VALID
E Assim eles moldam o mundo como querem,Curso de AUTODEFESA VERBAL https://p.eduzz.com/2821061 www.madeleinelacsko.com.br       Quer ...,2026-02-05T12:01:04Z,UCauC2OKlRylwETaZJE67Yrg,Madeleine Lacsko,Yr2ObAxAv9A,1584,211,2,2026-02-09 18:48:38.791700,www.youtube.com/watch?v=Yr2ObAxAv9A,[],VALID
Dessa vez a liberdade está as portas,Curso de AUTODEFESA VERBAL https://p.eduzz.com/2821061 www.madeleinelacsko.com.br       Quer ...,2026-02-03T12:01:23Z,UCauC2OKlRylwETaZJE67Yrg,Madeleine Lacsko,oXtxdPuqKYM,1217,158,1,2026-02-09 18:48:39.245994,www.youtube.com/watch?v=oXtxdPuqKYM,[],VALID
O Irã não está vivendo uma série da Netflix,Curso de AUTODEFESA VERBAL https://p.eduzz.com/2821061 www.madeleinelacsko.com.br       Quer ...,2026-02-04T12:00:14Z,UCauC2OKlRylwETaZJE67Yrg,Madeleine Lacsko,7kRcD-IMeFk,2103,166,3,2026-02-09 18:48:39.681864,www.youtube.com/watch?v=7kRcD-IMeFk,[],VALID
Manipulação através do entretenimento,Curso de AUTODEFESA VERBAL https://p.eduzz.com/2821061 www.madeleinelacsko.com.br       Quer ...,2026-02-06T12:01:18Z,UCauC2OKlRylwETaZJE67Yrg,Madeleine Lacsko,fGD63_wppwU,2614,274,6,2026-02-09 18:48:40.142747,www.youtube.com/watch?v=fGD63_wppwU,[],VALID
Janja apoiaria prisão perpétua contra o feminic1d10? ,Curso de AUTODEFESA VERBAL https://p.eduzz.com/2821061 www.madeleinelacsko.com.br       Quer ...,2026-02-05T23:02:05Z,UCauC2OKlRylwETaZJE67Yrg,Madeleine Lacsko,xSMeZhgj_sY,1100,223,41,2026-02-09 18:48:40.599404,www.youtube.com/watch?v=xSMeZhgj_sY,[],VALID
Essa é a brecha que a justiça dá para perseguir jornalistas,Curso de AUTODEFESA VERBAL https://p.eduzz.com/2821061 www.madeleinelacsko.com.br       Quer ...,2026-02-03T21:35:00Z,UCauC2OKlRylwETaZJE67Yrg,Madeleine Lacsko,0ksZXuR7oZE,2660,275,12,2026-02-09 18:48:41.050918,www.youtube.com/watch?v=0ksZXuR7oZE,[],VALID
Lula está tentando limpar a imagem da Janja,Curso de AUTODEFESA VERBAL https://p.eduzz.com/2821061 www.madeleinelacsko.com.br       Quer ...,2026-02-02T11:00:35Z,UCauC2OKlRylwETaZJE67Yrg,Madeleine Lacsko,HyN3YQJoBDE,4995,449,24,2026-02-09 18:48:41.510545,www.youtube.com/watch?v=HyN3YQJoBDE,[],VALID
Talvez até você esteja envolvido no escândalo do Banco Master,Curso de AUTODEFESA VERBAL https://p.eduzz.com/2821061 www.madeleinelacsko.com.br       Quer ...,2026-02-07T12:00:57Z,UCauC2OKlRylwETaZJE67Yrg,Madeleine Lacsko,ccj4E9QjKqM,2108,244,10,2026-02-09 18:48:41.949277,www.youtube.com/watch?v=ccj4E9QjKqM,[],VALID
Vou continuar por causa de vocês,Curso de AUTODEFESA VERBAL https://p.eduzz.com/2821061 www.madeleinelacsko.com.br       Quer ...,2026-02-03T21:50:00Z,UCauC2OKlRylwETaZJE67Yrg,Madeleine Lacsko,TMjL0EHisZM,18849,1677,160,2026-02-09 18:48:42.394657,www.youtube.com/watch?v=TMjL0EHisZM,[],VALID
Caso Imane Khelif: boxeadora admite em entrevista que é do sexo masculino,Curso de AUTODEFESA VERBAL https://p.eduzz.com/2821061 www.madeleinelacsko.com.br       Quer ...,2026-02-07T07:28:22Z,UCauC2OKlRylwETaZJE67Yrg,Madeleine Lacsko,K7CgdQaSC8Q,1452,214,18,2026-02-09 18:48:42.836020,www.youtube.com/watch?v=K7CgdQaSC8Q,[],VALID
Jornalista virou alvo,Curso de AUTODEFESA VERBAL https://p.eduzz.com/2821061 www.madeleinelacsko.com.br       Quer ...,2026-02-03T21:30:11Z,UCauC2OKlRylwETaZJE67Yrg,Madeleine Lacsko,TS9MfyVB0O4,1725,174,8,2026-02-09 18:48:43.297245,www.youtube.com/watch?v=TS9MfyVB0O4,[],VALID
Meu advogado merece receber 129 milhões,Curso de AUTODEFESA VERBAL https://p.eduzz.com/2821061 www.madeleinelacsko.com.br       Quer ...,2026-02-03T21:45:01Z,UCauC2OKlRylwETaZJE67Yrg,Madeleine Lacsko,OX19jOf0soc,3222,244,4,2026-02-09 18:48:43.741606,www.youtube.com/watch?v=OX19jOf0soc,[],VALID
A semana mais difícil da minha vida. Ainda vale a pena continuar aqui???,Curso de AUTODEFESA VERBAL https://p.eduzz.com/2821061 www.madeleinelacsko.com.br       Quer ...,2026-02-06T20:13:37Z,UCauC2OKlRylwETaZJE67Yrg,Madeleine Lacsko,q0_2C-K3tiE,22225,3685,614,2026-02-09 18:48:44.188680,www.youtube.com/watch?v=q0_2C-K3tiE,[],VALID
HADDAD DEIXA PRESENTE,"Haddad vai embora, mas deixa pra você um presente de grego. Assista e compartilhe!",2026-02-07T02:29:39Z,UCpxgNqPpf9CtnLwNXNjGCQQ,Marina Helena ,aysMJ6xpHk8,7915,1242,31,2026-02-09 18:48:45.184337,www.youtube.com/watch?v=aysMJ6xpHk8,"['marinahelena', 'marina', 'novo', 'eleicoes2022', 'eleições', 'partido novo', 'votação partido novo', 'youtube partido novo', 'partido novo bolsonaro', 'novo 30', 'vereadoras novo', 'partidos', 'partindo', 'amoedo novo', 'partido político', ""felipe d'avila novo"", 'vereadoras do novo', 'ricardo salles novo', 'novo são paulo', 'novo30', 'vereadoras do novo brigam', 'novo suspende', 'romeu zema novo', 'bolsonaro', 'impeachment moraes', 'judiciário', 'stf', 'stf vergonha nacional', 'cpmi do inss', 'fora pt']",VALID
VORCARO VÍTIMA?,Já imaginou se um homicídio fosse investigado assim? Pois é. É exatamente o que está acontecendo no caso do Banco Master.,2026-02-04T15:09:29Z,UCpxgNqPpf9CtnLwNXNjGCQQ,Marina Helena ,FY_cWAGd21Q,9717,1589,52,2026-02-09 18:48:45.634111,www.youtube.com/watch?v=FY_cWAGd21Q,"['marinahelena', 'marina', 'novo', 'eleicoes2022', 'eleições', 'partido novo', 'votação partido novo', 'youtube partido novo', 'partido novo bolsonaro', 'novo 30', 'vereadoras novo', 'partidos', 'partindo', 'amoedo novo', 'partido político', ""felipe d'avila novo"", 'vereadoras do novo', 'ricardo salles novo', 'novo são paulo', 'novo30', 'vereadoras do novo brigam', 'novo suspende', 'romeu zema novo', 'bolsonaro', 'impeachment moraes', 'judiciário', 'stf', 'stf vergonha nacional', 'cpmi do inss', 'fora pt']",VALID
PARENTES DE MINISTROS: A VERDADE OCULTA,E não é que a trajetória profissional de advogados parentes de ministros dá um salto depois da posse? E se eu te dissesse que ...,2026-02-06T12:20:00Z,UCpxgNqPpf9CtnLwNXNjGCQQ,Marina Helena ,Q_GDbsgR8DU,32966,3959,119,2026-02-09 18:48:46.091198,www.youtube.com/watch?v=Q_GDbsgR8DU,"['marinahelena', 'marina', 'novo', 'eleicoes2022', 'eleições', 'partido novo', 'votação partido novo', 'youtube partido novo', 'partido novo bolsonaro', 'novo 30', 'vereadoras novo', 'partidos', 'partindo', 'amoedo novo', 'partido político', ""felipe d'avila novo"", 'vereadoras do novo', 'ricardo salles novo', 'novo são paulo', 'novo30', 'vereadoras do novo brigam', 'novo suspende', 'romeu zema novo', 'bolsonaro', 'impeachment moraes', 'judiciário', 'stf', 'stf vergonha nacional', 'cpmi do inss', 'fora pt']",VALID
🚨 ESCALA 6X1 - ENTENDA O IMPACTO!,"Estudos mostram: sem aumento mágico de produtividade, perdemos bilhões em faturamento, milhões de empregos e ...",2026-02-04T16:51:18Z,UCpxgNqPpf9CtnLwNXNjGCQQ,Marina Helena ,JoqXebtIkMg,1405,221,60,2026-02-09 18:48:46.620246,www.youtube.com/watch?v=JoqXebtIkMg,"['marinahelena', 'marina', 'novo', 'eleicoes2022', 'eleições', 'partido novo', 'votação partido novo', 'youtube partido novo', 'partido novo bolsonaro', 'novo 30', 'vereadoras novo', 'partidos', 'partindo', 'amoedo novo', 'partido político', ""felipe d'avila novo"", 'vereadoras do novo', 'ricardo salles novo', 'novo são paulo', 'novo30', 'vereadoras do novo brigam', 'novo suspende', 'romeu zema novo', 'bolsonaro', 'impeachment moraes', 'judiciário', 'stf', 'stf vergonha nacional', 'cpmi do inss', 'fora pt']",VALID
🚨ESBANJA EMOCIONADA COM A PRÓPRIA HIPOCRISIA!,"A esquerda chora, mas as mulheres morrem. Recorde de feminicídios no governo Lula. Compartilhe antes que finjam que isso ...",2026-02-05T16:59:18Z,UCpxgNqPpf9CtnLwNXNjGCQQ,Marina Helena ,wroECOQRuto,569,121,21,2026-02-09 18:48:47.077469,www.youtube.com/watch?v=wroECOQRuto,"['marinahelena', 'marina', 'novo', 'eleicoes2022', 'eleições', 'partido novo', 'votação partido novo', 'youtube partido novo', 'partido novo bolsonaro', 'novo 30', 'vereadoras novo', 'partidos', 'partindo', 'amoedo novo', 'partido político', ""felipe d'avila novo"", 'vereadoras do novo', 'ricardo salles novo', 'novo são paulo', 'novo30', 'vereadoras do novo brigam', 'novo suspende', 'romeu zema novo', 'bolsonaro', 'impeachment moraes', 'judiciário', 'stf', 'stf vergonha nacional', 'cpmi do inss', 'fora pt']",VALID
ESPOSA DE MORAES: CPI VAI QUEBRAR SIGILO?,Então a CPI do crime organizado no Senado vai quebrar o sigilo da esposa de Moraes? Conversei sobre isso hoje com o ...,2026-02-02T18:00:20Z,UCpxgNqPpf9CtnLwNXNjGCQQ,Marina Helena ,IeTZqC3MauQ,356227,26350,499,2026-02-09 18:48:47.608141,www.youtube.com/watch?v=IeTZqC3MauQ,"['marinahelena', 'marina', 'novo', 'eleicoes2022', 'eleições', 'partido novo', 'votação partido novo', 'youtube partido novo', 'partido novo bolsonaro', 'novo 30', 'vereadoras novo', 'partidos', 'partindo', 'amoedo novo', 'partido político', ""felipe d'avila novo"", 'vereadoras do novo', 'ricardo salles novo', 'novo são paulo', 'novo30', 'vereadoras do novo brigam', 'novo suspende', 'romeu zema novo', 'bolsonaro', 'impeachment moraes', 'judiciário', 'stf', 'stf vergonha nacional', 'cpmi do inss', 'fora pt']",VALID
🚨 CHIQUINI COMENTA: CPI VAI QUEBRAR SIGILO BANCÁRIO DE ESPOSA DE MORAES?,A CPI vai mesmo quebrar o sigilo bancário da esposa do Alexandre de Moraes? O buraco é mais embaixo? O Brasil não ...,2026-02-02T16:49:32Z,UCpxgNqPpf9CtnLwNXNjGCQQ,Marina Helena ,cbiZKKcep5A,32178,1971,56,2026-02-09 18:48:48.059251,www.youtube.com/watch?v=cbiZKKcep5A,"['marinahelena', 'marina', 'novo', 'eleicoes2022', 'eleições', 'partido novo', 'votação partido novo', 'youtube partido novo', 'partido novo bolsonaro', 'novo 30', 'vereadoras novo', 'partidos', 'partindo', 'amoedo novo', 'partido político', ""felipe d'avila novo"", 'vereadoras do novo', 'ricardo salles novo', 'novo são paulo', 'novo30', 'vereadoras do novo brigam', 'novo suspende', 'romeu zema novo', 'bolsonaro', 'impeachment moraes', 'judiciário', 'stf', 'stf vergonha nacional', 'cpmi do inss', 'fora pt']",VALID
CORRA DO LULA!,Um dos discursos mais cínicos já proferidos.,2026-02-03T11:38:45Z,UCpxgNqPpf9CtnLwNXNjGCQQ,Marina Helena ,CdqKh4hl6TU,190,38,6,2026-02-09 18:48:48.597054,www.youtube.com/watch?v=CdqKh4hl6TU,"['marinahelena', 'marina', 'novo', 'eleicoes2022', 'eleições', 'partido novo', 'votação partido novo', 'youtube partido novo', 'partido novo bolsonaro', 'novo 30', 'vereadoras novo', 'partidos', 'partindo', 'amoedo novo', 'partido político', ""felipe d'avila novo"", 'vereadoras do novo', 'ricardo salles novo', 'novo são paulo', 'novo30', 'vereadoras do novo brigam', 'novo suspende', 'romeu zema novo', 'bolsonaro', 'impeachment moraes', 'judiciário', 'stf', 'stf vergonha nacional', 'cpmi do inss', 'fora pt']",VALID
🚨 HUGO MOTTA ABRE A TORNEIRA DO DINHEIRO PÚBLICO. R$ 4 BILHÕES DE GASTOS.,"Enquanto o brasileiro aperta o cinto, Hugo Motta libera a gastança: R$ 4 BILHÕES em recursos públicos. Quem paga essa conta ...",2026-02-04T23:33:27Z,UCpxgNqPpf9CtnLwNXNjGCQQ,Marina Helena ,c_XvHTACC5g,1251,107,30,2026-02-09 18:48:49.133219,www.youtube.com/watch?v=c_XvHTACC5g,"['marinahelena', 'marina', 'novo', 'eleicoes2022', 'eleições', 'partido novo', 'votação partido novo', 'youtube partido novo', 'partido novo bolsonaro', 'novo 30', 'vereadoras novo', 'partidos', 'partindo', 'amoedo novo', 'partido político', ""felipe d'avila novo"", 'vereadoras do novo', 'ricardo salles novo', 'novo são paulo', 'novo30', 'vereadoras do novo brigam', 'novo suspende', 'romeu zema novo', 'bolsonaro', 'impeachment moraes', 'judiciário', 'stf', 'stf vergonha nacional', 'cpmi do inss', 'fora pt']",VALID
LULA FALA SOBRE O MASTER!,"Lula deu entrevista e falou até do Banco Master. Como sempre, contou muita lorota.",2026-02-06T19:57:48Z,UCpxgNqPpf9CtnLwNXNjGCQQ,Marina Helena ,5Wc0K_sPCDc,7252,1158,62,2026-02-09 18:48:49.588102,www.youtube.com/watch?v=5Wc0K_sPCDc,"['marinahelena', 'marina', 'novo', 'eleicoes2022', 'eleições', 'partido novo', 'votação partido novo', 'youtube partido novo', 'partido novo bolsonaro', 'novo 30', 'vereadoras novo', 'partidos', 'partindo', 'amoedo novo', 'partido político', ""felipe d'avila novo"", 'vereadoras do novo', 'ricardo salles novo', 'novo são paulo', 'novo30', 'vereadoras do novo brigam', 'novo suspende', 'romeu zema novo', 'bolsonaro', 'impeachment moraes', 'judiciário', 'stf', 'stf vergonha nacional', 'cpmi do inss', 'fora pt']",VALID
MAMATA DO CONGRESSO,O parlamento mais caro do mundo começou o ano legislativo criando penduricalhos para os próprios servidores.,2026-02-04T22:25:34Z,UCpxgNqPpf9CtnLwNXNjGCQQ,Marina Helena ,kMVN44U5kZY,9635,1699,95,2026-02-09 18:48:50.031202,www.youtube.com/watch?v=kMVN44U5kZY,"['marinahelena', 'marina', 'novo', 'eleicoes2022', 'eleições', 'partido novo', 'votação partido novo', 'youtube partido novo', 'partido novo bolsonaro', 'novo 30', 'vereadoras novo', 'partidos', 'partindo', 'amoedo novo', 'partido político', ""felipe d'avila novo"", 'vereadoras do novo', 'ricardo salles novo', 'novo são paulo', 'novo30', 'vereadoras do novo brigam', 'novo suspende', 'romeu zema novo', 'bolsonaro', 'impeachment moraes', 'judiciário', 'stf', 'stf vergonha nacional', 'cpmi do inss', 'fora pt']",VALID
NA QUINTA DEBATE COMPLETO NO SPECTRUM,,2026-02-03T22:09:05Z,UC02coXfDPjEmU8uDT2G8Z2A,Jones Manoel,ZRIxtW37v8M,33850,2603,262,2026-02-09 18:48:50.777197,www.youtube.com/watch?v=ZRIxtW37v8M,[],VALID
Guano e a revolução destruidora da agricultura capitalista,Manifesto Jones Manoel pré-candidato: https://www.jonesmanoel2026.com.br/ Acesse nosso site: jonesmanoel.com.br Nossa ...,2026-02-06T15:00:06Z,UC02coXfDPjEmU8uDT2G8Z2A,Jones Manoel,fdtwqaHqnLc,1599,314,23,2026-02-09 18:48:51.224237,www.youtube.com/watch?v=fdtwqaHqnLc,"['Jones Manoel', 'Farol Brasil', 'Esquerda', 'Cultura Brasileira', 'Comunismo', 'Socialismo']",VALID
Um programa político para o soldado brasileiro,Manifesto Jones Manoel pré-candidato: https://www.jonesmanoel2026.com.br/ Acesse nosso site: jonesmanoel.com.br Nossa ...,2026-02-08T17:00:06Z,UC02coXfDPjEmU8uDT2G8Z2A,Jones Manoel,xQPQHAWfMJM,13563,2838,224,2026-02-09 18:48:51.680172,www.youtube.com/watch?v=xQPQHAWfMJM,"['Jones Manoel', 'Farol Brasil', 'Esquerda', 'Cultura Brasileira', 'Comunismo', 'Socialismo']",VALID
Resultante da febre de privatizações de Lula 3 são desastres para as populações no território,Manifesto Jones Manoel pré-candidato: https://www.jonesmanoel2026.com.br/ Acesse nosso site: jonesmanoel.com.br Nossa ...,2026-02-07T15:00:28Z,UC02coXfDPjEmU8uDT2G8Z2A,Jones Manoel,HMbZhDbcYB4,653,108,5,2026-02-09 18:48:52.162652,www.youtube.com/watch?v=HMbZhDbcYB4,"['Jones Manoel', 'Farol Brasil', 'Esquerda', 'Cultura Brasileira', 'Comunismo', 'Socialismo']",VALID
Apagão! As privatizações no setor de energia deixam o Brasil no escuro | 03.02,"Na Hora dos trabalhadores dessa terça, a apresentadora Ana Paula Almada recebe os trabalhadores do setor energético Felipe ...",2026-02-04T05:13:26Z,UC02coXfDPjEmU8uDT2G8Z2A,Jones Manoel,LmPJTcw0_Pg,1088,216,17,2026-02-09 18:48:52.646412,www.youtube.com/watch?v=LmPJTcw0_Pg,[],VALID
Novos documentos do Epstein revelam os crimes sexuais dos homens do poder | 02.02,Manifesto Jones Manoel pré-candidato: https://www.jonesmanoel2026.com.br/ Acesse nosso site: jonesmanoel.com.br Nossa ...,2026-02-03T00:30:43Z,UC02coXfDPjEmU8uDT2G8Z2A,Jones Manoel,B6LgAtG9eHU,5633,752,4,2026-02-09 18:48:53.116990,www.youtube.com/watch?v=B6LgAtG9eHU,[],VALID
Tarcísio avança em seu projeto de destruição das escolas | 03.02,Manifesto Jones Manoel pré-candidato: https://www.jonesmanoel2026.com.br/ Acesse nosso site: jonesmanoel.com.br Nossa ...,2026-02-04T00:12:58Z,UC02coXfDPjEmU8uDT2G8Z2A,Jones Manoel,HxzAJqxJUls,2482,453,8,2026-02-09 18:48:53.567851,www.youtube.com/watch?v=HxzAJqxJUls,[],VALID
As privatizações no setor elétrico aumentam a sua conta de luz,Manifesto Jones Manoel pré-candidato: https://www.jonesmanoel2026.com.br/ Acesse nosso site: jonesmanoel.com.br Nossa ...,2026-02-07T19:00:12Z,UC02coXfDPjEmU8uDT2G8Z2A,Jones Manoel,GYHid4nF42k,765,133,10,2026-02-09 18:48:54.022082,www.youtube.com/watch?v=GYHid4nF42k,"['Jones Manoel', 'Farol Brasil', 'Esquerda', 'Cultura Brasileira', 'Comunismo', 'Socialismo']",VALID
De Renan Santos a Eduardo Bueno: ataques ao direito ao voto,Manifesto Jones Manoel pré-candidato: https://www.jonesmanoel2026.com.br/ Acesse nosso site: jonesmanoel.com.br Nossa ...,2026-02-03T18:18:31Z,UC02coXfDPjEmU8uDT2G8Z2A,Jones Manoel,k4phBsEbqP0,33369,4514,480,2026-02-09 18:48:54.463293,www.youtube.com/watch?v=k4phBsEbqP0,"['Jones Manoel', 'Farol Brasil', 'Esquerda', 'Cultura Brasileira', 'Comunismo', 'Socialismo']",VALID
O movimento indígena é o mais crucialmente anticapitalista do país,Manifesto Jones Manoel pré-candidato: https://www.jonesmanoel2026.com.br/ Acesse nosso site: jonesmanoel.com.br Nossa ...,2026-02-05T15:41:21Z,UC02coXfDPjEmU8uDT2G8Z2A,Jones Manoel,y8CAfLyDwbs,1284,266,20,2026-02-09 18:48:54.981406,www.youtube.com/watch?v=y8CAfLyDwbs,"['Jones Manoel', 'Farol Brasil', 'Esquerda', 'Cultura Brasileira', 'Comunismo', 'Socialismo']",VALID
Rodada extra do debate: 1 comunista x 20 petistas,Manifesto Jones Manoel pré-candidato: https://www.jonesmanoel2026.com.br/ Acesse nosso site: jonesmanoel.com.br Nossa ...,2026-02-08T15:01:34Z,UC02coXfDPjEmU8uDT2G8Z2A,Jones Manoel,uNJIuiF7vzE,7736,1088,143,2026-02-09 18:48:55.424913,www.youtube.com/watch?v=uNJIuiF7vzE,"['Jones Manoel', 'Farol Brasil', 'Esquerda', 'Cultura Brasileira', 'Comunismo', 'Socialismo']",VALID
Indígenas ocupam Cargill e pressionam Lula contra privatização de rios | 05.02,Manifesto Jones Manoel pré-candidato: https://www.jonesmanoel2026.com.br/ Acesse nosso site: jonesmanoel.com.br Nossa ...,2026-02-06T00:05:09Z,UC02coXfDPjEmU8uDT2G8Z2A,Jones Manoel,GLsNSRJNGWc,2567,453,5,2026-02-09 18:48:55.882578,www.youtube.com/watch?v=GLsNSRJNGWc,[],VALID
Lula empurra Alckmin para eleição em SP: quer vice do Centrão | E derrete-se para Galípolo |6.2,"No Manhã Brasil desta sexta (6), o âncora Mauro Lopes destaca: 1) em entrevista ao UOL, Lula deixou claro que pretende ter ...",2026-02-06T13:59:39Z,UC02coXfDPjEmU8uDT2G8Z2A,Jones Manoel,sW_Wlds87Cc,7164,1175,47,2026-02-09 18:48:56.338296,www.youtube.com/watch?v=sW_Wlds87Cc,[],VALID
EM DEFESA DOS ESTUDANTES DA UPE,,2026-02-02T13:55:43Z,UC02coXfDPjEmU8uDT2G8Z2A,Jones Manoel,-3Jem5sG25k,7960,1419,34,2026-02-09 18:48:56.712546,www.youtube.com/watch?v=-3Jem5sG25k,[],VALID
Avaliação do debate 1 comunista x 20 petistas,Manifesto Jones Manoel pré-candidato: https://www.jonesmanoel2026.com.br/ Acesse nosso site: jonesmanoel.com.br Nossa ...,2026-02-07T17:00:06Z,UC02coXfDPjEmU8uDT2G8Z2A,Jones Manoel,jEo1ugLmxho,36745,5456,549,2026-02-09 18:48:57.240295,www.youtube.com/watch?v=jEo1ugLmxho,"['Jones Manoel', 'Farol Brasil', 'Esquerda', 'Cultura Brasileira', 'Comunismo', 'Socialismo']",VALID
Respondendo a perguntas do público! #2,Manifesto Jones Manoel pré-candidato: https://www.jonesmanoel2026.com.br/ Acesse nosso site: jonesmanoel.com.br Nossa ...,2026-02-05T17:30:06Z,UC02coXfDPjEmU8uDT2G8Z2A,Jones Manoel,SbgXcEuiDVQ,23347,4038,227,2026-02-09 18:48:57.681024,www.youtube.com/watch?v=SbgXcEuiDVQ,"['Jones Manoel', 'Farol Brasil', 'Esquerda', 'Cultura Brasileira', 'Comunismo', 'Socialismo']",VALID
FHC NÃO FOI NEOLIBERAL?,,2026-02-02T16:34:26Z,UC02coXfDPjEmU8uDT2G8Z2A,Jones Manoel,k8hfWUOAlas,29016,2753,170,2026-02-09 18:48:58.075679,www.youtube.com/watch?v=k8hfWUOAlas,[],VALID
SOBRE O PEDIDO DE IMPEDIMENTO CONTRA JOÃO CAMPOS,,2026-02-04T01:11:09Z,UC02coXfDPjEmU8uDT2G8Z2A,Jones Manoel,EfAuvJxtmWg,9330,1541,57,2026-02-09 18:48:58.545962,www.youtube.com/watch?v=EfAuvJxtmWg,[],VALID
Fallout e como o capitalismo lucra com o fim do mundo | Dialética do pop com Heribaldo Maia,Manifesto Jones Manoel pré-candidato: https://www.jonesmanoel2026.com.br/ Acesse nosso site: jonesmanoel.com.br Nossa ...,2026-02-06T19:35:06Z,UC02coXfDPjEmU8uDT2G8Z2A,Jones Manoel,Ht-bRPmm9zM,4851,883,71,2026-02-09 18:48:58.965501,www.youtube.com/watch?v=Ht-bRPmm9zM,"['Jones Manoel', 'Farol Brasil', 'Esquerda', 'Cultura Brasileira', 'Comunismo', 'Socialismo']",VALID
QUEM ESTA PRIVATIZANDO O METRÔ DE RECIFE?,,2026-02-03T00:08:22Z,UC02coXfDPjEmU8uDT2G8Z2A,Jones Manoel,wbjN1sfnNIQ,17397,1877,85,2026-02-09 18:48:59.391838,www.youtube.com/watch?v=wbjN1sfnNIQ,[],VALID
"JOÃO CAMPOS, RAQUEL LYRA, O SUJO E O MAL LAVADO",,2026-02-04T19:30:28Z,UC02coXfDPjEmU8uDT2G8Z2A,Jones Manoel,pxLlsVZo3rI,3396,372,13,2026-02-09 18:48:59.835466,www.youtube.com/watch?v=pxLlsVZo3rI,[],VALID
"AMANHÃ, QUINTA-FEIRA, O DEBATE TÁ NO AR.",,2026-02-04T18:23:36Z,UC02coXfDPjEmU8uDT2G8Z2A,Jones Manoel,XbA1DMUGtW0,19233,2042,144,2026-02-09 18:49:00.205712,www.youtube.com/watch?v=XbA1DMUGtW0,[],VALID
DEMISSÃO DE TRABALHADORES NA PROVIDER,,2026-02-07T14:46:10Z,UC02coXfDPjEmU8uDT2G8Z2A,Jones Manoel,DF2BjZKAVv8,5494,860,42,2026-02-09 18:49:00.659682,www.youtube.com/watch?v=DF2BjZKAVv8,[],VALID
ASSINE O NOSSO MANIFESTO,,2026-02-02T00:36:56Z,UC02coXfDPjEmU8uDT2G8Z2A,Jones Manoel,CGpYhF0e-fA,3586,658,30,2026-02-09 18:49:01.098201,www.youtube.com/watch?v=CGpYhF0e-fA,[],VALID
QUINTA-FEIRA DEBATE COMPLETO NO AR,,2026-02-03T16:57:28Z,UC02coXfDPjEmU8uDT2G8Z2A,Jones Manoel,38AeLiDywSE,15695,1726,103,2026-02-09 18:49:01.551582,www.youtube.com/watch?v=38AeLiDywSE,[],VALID
Por que a Alemanha é a maior perdedora da Guerra da Ucrânia? | com Ricardo Leães,Manifesto Jones Manoel pré-candidato: https://www.jonesmanoel2026.com.br/ Acesse nosso site: jonesmanoel.com.br Nossa ...,2026-02-02T17:00:07Z,UC02coXfDPjEmU8uDT2G8Z2A,Jones Manoel,Vi1LYEUXZWg,12431,1790,118,2026-02-09 18:49:02.005742,www.youtube.com/watch?v=Vi1LYEUXZWg,"['Jones Manoel', 'Farol Brasil', 'Esquerda', 'Cultura Brasileira', 'Comunismo', 'Socialismo']",VALID
Pesquisa do ICL revela: maioria dos brasileiros querem uma revolução!,Manifesto Jones Manoel pré-candidato: https://www.jonesmanoel2026.com.br/ Acesse nosso site: jonesmanoel.com.br Nossa ...,2026-02-04T17:10:17Z,UC02coXfDPjEmU8uDT2G8Z2A,Jones Manoel,fCkEVbORBtQ,33621,5957,492,2026-02-09 18:49:02.458493,www.youtube.com/watch?v=fCkEVbORBtQ,"['Jones Manoel', 'Farol Brasil', 'Esquerda', 'Cultura Brasileira', 'Comunismo', 'Socialismo']",VALID
Congresso  e STF reiniciam trabalhos: cenário de ataques aos trabalhadores | 2.2,"Manifesto Jones Manoel pré-candidato: https://www.jonesmanoel2026.com.br/ No Manhã Brasil desta segunda (2), o âncora ...",2026-02-02T13:23:44Z,UC02coXfDPjEmU8uDT2G8Z2A,Jones Manoel,WW9blfL3DaA,5928,1115,20,2026-02-09 18:49:02.845351,www.youtube.com/watch?v=WW9blfL3DaA,[],VALID
Pesquisa ICL: metade do povo brasileiro quer revolução e não acredita na democracia burguesa | 5.2,APOIE A PRÉ-CANDIDATURA DE JONES MANOEL EM 2026 http://www.jonesmanoel2026.com.br/ MANIFESTO ...,2026-02-05T14:14:00Z,UC02coXfDPjEmU8uDT2G8Z2A,Jones Manoel,LolDio5zAZY,6810,1199,13,2026-02-09 18:49:03.376156,www.youtube.com/watch?v=LolDio5zAZY,[],VALID
"A maior festa popular do país é atacada pela extrema direita em Olinda, São Paulo e Belo Horizonte",Manifesto Jones Manoel pré-candidato: https://www.jonesmanoel2026.com.br/ Acesse nosso site: jonesmanoel.com.br Nossa ...,2026-02-07T00:16:14Z,UC02coXfDPjEmU8uDT2G8Z2A,Jones Manoel,kzUlgTUHFh8,2554,427,9,2026-02-09 18:49:04.023390,www.youtube.com/watch?v=kzUlgTUHFh8,[],VALID
Lula faz discurso sob medida no STF para engajar a Corte em seu projeto eleitoral | 3.2,"No Manhã Brasil desta terça (3), o âncora Mauro Lopes destaca: O discurso de Lula no STF e a mensagem que enviou ao ...",2026-02-03T13:30:50Z,UC02coXfDPjEmU8uDT2G8Z2A,Jones Manoel,hITtJf1Nirk,5942,1118,18,2026-02-09 18:49:04.641065,www.youtube.com/watch?v=hITtJf1Nirk,[],VALID
"Intenções de voto para presidente apontam que país segue polarizado, segundo pesquisa | 04.02",Manifesto Jones Manoel pré-candidato: https://www.jonesmanoel2026.com.br/ Acesse nosso site: jonesmanoel.com.br Nossa ...,2026-02-05T00:37:10Z,UC02coXfDPjEmU8uDT2G8Z2A,Jones Manoel,vGKRDoav-3I,3367,535,6,2026-02-09 18:49:05.238076,www.youtube.com/watch?v=vGKRDoav-3I,[],VALID
PELA CONSTRUÇÃO IMEDIATAS DE RUs NA UPE,,2026-02-03T22:43:23Z,UC02coXfDPjEmU8uDT2G8Z2A,Jones Manoel,2qquFIZdufo,7626,1352,23,2026-02-09 18:49:05.853605,www.youtube.com/watch?v=2qquFIZdufo,[],VALID
MATHEUS BUENTE DECLARA APOIO A PRÉ-CANDIDATURA DE JONES MANOEL,,2026-02-03T21:08:50Z,UC02coXfDPjEmU8uDT2G8Z2A,Jones Manoel,JND49Bse4XQ,1757,300,14,2026-02-09 18:49:06.245954,www.youtube.com/watch?v=JND49Bse4XQ,[],VALID
Supersalários no legislativo e privatização de rios,Manifesto Jones Manoel pré-candidato: https://www.jonesmanoel2026.com.br/ Acesse nosso site: jonesmanoel.com.br Nossa ...,2026-02-06T17:15:06Z,UC02coXfDPjEmU8uDT2G8Z2A,Jones Manoel,bKYfe3vX3Mk,8118,1707,154,2026-02-09 18:49:06.687168,www.youtube.com/watch?v=bKYfe3vX3Mk,"['Jones Manoel', 'Farol Brasil', 'Esquerda', 'Cultura Brasileira', 'Comunismo', 'Socialismo']",VALID
CARNAVAL DE OLINDA AMEAÇADO?,,2026-02-04T23:26:51Z,UC02coXfDPjEmU8uDT2G8Z2A,Jones Manoel,9YwjCrqGuyM,7672,1169,59,2026-02-09 18:49:07.147787,www.youtube.com/watch?v=9YwjCrqGuyM,[],VALID
"PL, Centrão e PT bancam farra na Câmara, Senado e TCU: salários da elite chegarão a R$ 92 mil | 4.2","Manifesto Jones Manoel pré-candidato: https://www.jonesmanoel2026.com.br/ No Manhã Brasil desta quarta (4), o âncora Mauro ...",2026-02-04T13:52:36Z,UC02coXfDPjEmU8uDT2G8Z2A,Jones Manoel,JtBzZHFoUiM,6708,1102,34,2026-02-09 18:49:07.531348,www.youtube.com/watch?v=JtBzZHFoUiM,[],VALID
O CAOS EM OLINDA E O CINISMO DE DANIEL COELHO,,2026-02-05T21:52:00Z,UC02coXfDPjEmU8uDT2G8Z2A,Jones Manoel,vkkLlv3zbiM,6163,789,34,2026-02-09 18:49:07.988089,www.youtube.com/watch?v=vkkLlv3zbiM,[],VALID
A OCUPAÇÃO DA CARGILL E A LUTA CONTRA A PRIVATIZAÇÃO DOS RIOS,,2026-02-04T21:23:48Z,UC02coXfDPjEmU8uDT2G8Z2A,Jones Manoel,fY2cVJwEEJw,4098,650,34,2026-02-09 18:49:08.443306,www.youtube.com/watch?v=fY2cVJwEEJw,[],VALID
TODA SOLIDARIEDADE A CUBA,,2026-02-02T00:16:02Z,UC02coXfDPjEmU8uDT2G8Z2A,Jones Manoel,656JPRik-XY,15599,3181,123,2026-02-09 18:49:08.822590,www.youtube.com/watch?v=656JPRik-XY,[],VALID
CONGRESSO NACIONAL E SUPERSALÁRIOS,,2026-02-05T18:52:43Z,UC02coXfDPjEmU8uDT2G8Z2A,Jones Manoel,3R_PZlGi80Q,10663,2044,100,2026-02-09 18:49:09.246920,www.youtube.com/watch?v=3R_PZlGi80Q,[],VALID
SEGUE O ESCÂNDALO EM OLINDA,,2026-02-07T23:44:16Z,UC02coXfDPjEmU8uDT2G8Z2A,Jones Manoel,ZasB1BqYP98,4621,819,39,2026-02-09 18:49:09.626208,www.youtube.com/watch?v=ZasB1BqYP98,[],VALID
COLHEITA MECANIZADA DA LARANJA 🍊,,2026-02-05T00:35:52Z,UCHMke2Gkz6yaVsatsrLRBOg,VIDA NO CAMPO TV,BNeYXr5aXeM,504,12,0,2026-02-09 18:49:10.625913,www.youtube.com/watch?v=BNeYXr5aXeM,[],VALID
Versão comemorativa de 60 anos de uma fábrica inglesa!,,2026-02-04T21:54:19Z,UCJtgmoW65g_wL55AwVH6tig,AGROoficial,WRQNQAt-SgI,2142,66,0,2026-02-09 18:49:11.554842,www.youtube.com/watch?v=WRQNQAt-SgI,[],VALID
Toda grande história tem um começo. #3,,2026-02-03T21:38:18Z,UCJtgmoW65g_wL55AwVH6tig,AGROoficial,EBAnGvH-N_U,1263,33,1,2026-02-09 18:49:11.962898,www.youtube.com/watch?v=EBAnGvH-N_U,[],VALID
O BLOQUEIO QUE TE IMPEDE DE RECEBER... #espiritualidade #merecimento #propósito,"INSCREVA-SE EM NOSSO CANAL   Muitas pessoas sabem o que querem, mas não conseguem receber. O problema nem ...",2026-02-03T20:00:36Z,UC1VbUdwFBCjCdwxDKPUgLfg,MF Cast,knNFuctf1AM,5729,385,1,2026-02-09 18:49:12.884090,www.youtube.com/watch?v=knNFuctf1AM,[],VALID
POR QUE O PEÃO DE FAZENDA ESTÁ EM EXTINÇÃO ?,"INSCREVA-SE EM NOSSO CANAL   A ""fábrica de peão"" fechou. Está saindo 100 e entrando 10. O resultado? Um colapso ...",2026-02-02T20:00:01Z,UC1VbUdwFBCjCdwxDKPUgLfg,MF Cast,-SNV1rEhKBk,12925,656,21,2026-02-09 18:49:13.283590,www.youtube.com/watch?v=-SNV1rEhKBk,[],VALID
"QUEM TEM FAMÍLIA, NUNCA ESTÁ SOZINHO... #família #amor #casa",INSCREVA-SE EM NOSSO CANAL   A família não resolve todos os problemas. Mas ela traz algo que muda tudo: a certeza de ...,2026-02-08T21:00:25Z,UC1VbUdwFBCjCdwxDKPUgLfg,MF Cast,FgHoaOR2XD0,1775,119,0,2026-02-09 18:49:13.713451,www.youtube.com/watch?v=FgHoaOR2XD0,[],VALID
O DIA QUE UM ESTRANHO ME DEU UM ROLEX... #sertanejo #sonhos #decisão,"INSCREVA-SE EM NOSSO CANAL   Na vida da dupla João Bosco e Vinícius, o que não faltam são histórias, mas essa foi uma ...",2026-02-04T20:00:15Z,UC1VbUdwFBCjCdwxDKPUgLfg,MF Cast,M0U8hiLkRZs,8697,276,3,2026-02-09 18:49:14.124551,www.youtube.com/watch?v=M0U8hiLkRZs,[],VALID
VOCÊ QUER VIVER OU APENAS SOBREVIVER? #saúde #atleta #dietacarnivora,"INSCREVA-SE EM NOSSO CANAL   Hoje, a saúde virou uma escolha diária. E o mais assustador é que muitas pessoas estão ...",2026-02-06T20:00:20Z,UC1VbUdwFBCjCdwxDKPUgLfg,MF Cast,O_q8nlZtgAQ,2592,115,1,2026-02-09 18:49:14.523493,www.youtube.com/watch?v=O_q8nlZtgAQ,[],VALID
"QUANDO UMA CRIANÇA ORA, DEUS OUVE... #fé #milagre #oração",INSCREVA-SE EM NOSSO CANAL   Camila Telles compartilha um relato marcante da sua vida. Seu maior sonho era ter um ...,2026-02-06T14:37:52Z,UC1VbUdwFBCjCdwxDKPUgLfg,MF Cast,V8vv8liUY5M,39087,1437,10,2026-02-09 18:49:14.890790,www.youtube.com/watch?v=V8vv8liUY5M,[],VALID
GORDURA ANIMAL NÃO ENTOPE AS VEIAS ...  #matrix #saúde #polêmica #carne,"INSCREVA-SE EM NOSSO CANAL   Durante anos, muita gente acreditou que gordura animal entope as veias. Mas a grande ...",2026-02-07T15:00:05Z,UC1VbUdwFBCjCdwxDKPUgLfg,MF Cast,3liWKLbazak,6434,507,5,2026-02-09 18:49:15.273063,www.youtube.com/watch?v=3liWKLbazak,[],VALID
O AGRO PRESERVA MAIS DO QUE MUITA GENTE IMAGINA... #agro #preservação #meioambiente,INSCREVA-SE EM NOSSO CANAL   Quem acusa o agro de desmatamento quase nunca conhece a realidade do campo.,2026-02-03T14:01:07Z,UC1VbUdwFBCjCdwxDKPUgLfg,MF Cast,gFzEHYRkcR4,7301,470,13,2026-02-09 18:49:15.653968,www.youtube.com/watch?v=gFzEHYRkcR4,[],VALID
COMPROMISSO É IR MESMO QUANDO DÓI... #disciplina #responsabilidade #coragem,"INSCREVA-SE EM NOSSO CANAL   Nem sempre a coragem é ausência de medo. Às vezes, coragem é continuar mesmo com ...",2026-02-05T14:01:18Z,UC1VbUdwFBCjCdwxDKPUgLfg,MF Cast,kYkwng-QPns,5165,380,1,2026-02-09 18:49:16.066238,www.youtube.com/watch?v=kYkwng-QPns,[],VALID
A FÉ TE DÁ FORÇAS PARA CONTINUAR ... #fé #reflexão #coragem,"INSCREVA-SE EM NOSSO CANAL   Sem fé e sem acreditar em Deus, a caminhada fica pesada demais. Não porque os ...",2026-02-04T14:00:24Z,UC1VbUdwFBCjCdwxDKPUgLfg,MF Cast,H5e9DFKk9no,2878,123,0,2026-02-09 18:49:16.479880,www.youtube.com/watch?v=H5e9DFKk9no,[],VALID
JOÃO BOSCO EXPLICA COMO GANHAR DINHEIRO COM GADO - MF CAST #153,"Ganhar dinheiro com gado vai muito além de comprar e vender animais. Neste corte do MF Cast, você entende por que dinheiro ...",2026-02-03T23:00:32Z,UC1VbUdwFBCjCdwxDKPUgLfg,MF Cast,HMVCodh8KEQ,4605,198,1,2026-02-09 18:49:16.870446,www.youtube.com/watch?v=HMVCodh8KEQ,"['gado', 'pecuária', 'nelore', 'animais', 'agro']",VALID
NÃO FOI SORTE. FOI DECISÃO #decisão #propósito #disciplina,INSCREVA-SE EM NOSSO CANAL   Nada muda enquanto a decisão não vem. Quando você escolhe um caminho e caminha ...,2026-02-02T14:59:23Z,UC1VbUdwFBCjCdwxDKPUgLfg,MF Cast,yQCFT0TbRd0,8357,582,4,2026-02-09 18:49:17.284488,www.youtube.com/watch?v=yQCFT0TbRd0,[],VALID
O ERRO QUE PREJUDICA A REPOSIÇÃO E DESVALORIZA O REBANHO - MF CAST #15,ESSE PADRÃO NÃO É NELORE: https://youtu.be/47UB3h5lM4I?si=tARstICYLXzNJUGX BOI DE CONFINAMENTO É SORVETE ...,2026-02-06T23:00:48Z,UC1VbUdwFBCjCdwxDKPUgLfg,MF Cast,X_fMhYMAeGI,4278,251,4,2026-02-09 18:49:17.687870,www.youtube.com/watch?v=X_fMhYMAeGI,"['manejo', 'boi', 'veterinário', 'pecuária']",VALID
ELE FEZ O QUE NENHUM SER HUMANO FEZ...,INSCREVA-SE EM NOSSO CANAL   O que acontece quando você desafia tudo o que disseram ser impossível? Glicemia de 34.,2026-02-05T20:30:03Z,UC1VbUdwFBCjCdwxDKPUgLfg,MF Cast,La9pSlCEenk,962,40,0,2026-02-09 18:49:18.060279,www.youtube.com/watch?v=La9pSlCEenk,[],VALID
QUANDO O DESEJO VEM DO CORAÇÃO -  MF CAST #148,"Dr. Zeballos explica por que tudo começa com um desejo sincero do coração, alinhado à fé, à visualização e ao merecimento.",2026-02-08T23:00:58Z,UC1VbUdwFBCjCdwxDKPUgLfg,MF Cast,wlFK2rIYfos,246,36,1,2026-02-09 18:49:18.432461,www.youtube.com/watch?v=wlFK2rIYfos,[],VALID
CLASSIFICAÇÃO DOS CARROS MAIS ECONÔMICOS #shorts #carros,"Neste conteúdo eu faço uma análise, ranking e classificação de carros, mostrando quais são os melhores e os piores carros do ...",2026-02-02T14:30:46Z,UCZDQLT-tUMppf4OZI5iedqQ,Vanderlei Campos Jr,gOgCAC97D90,396324,5560,110,2026-02-09 18:49:19.181067,www.youtube.com/watch?v=gOgCAC97D90,[],VALID
Drone Agrícola Substitui Pulverizador? Teste Real com DJI Agras T100 em Fazenda de 400 Alqueires,"Neste vídeo mostramos na prática como funciona a pulverização com drone agrícola, direto de uma fazenda com 400 alqueires, ...",2026-02-02T14:45:06Z,UCZDQLT-tUMppf4OZI5iedqQ,Vanderlei Campos Jr,l5LO7J45W2U,89,8,0,2026-02-09 18:49:19.539693,www.youtube.com/watch?v=l5LO7J45W2U,[],VALID
É O FIM DOS CARROS A DIESEL? #carros #shorts,"Neste conteúdo eu faço uma análise, ranking e classificação de carros, mostrando quais são os melhores e os piores carros do ...",2026-02-06T20:30:03Z,UCZDQLT-tUMppf4OZI5iedqQ,Vanderlei Campos Jr,REldjd8Cta8,21199,890,16,2026-02-09 18:49:19.923638,www.youtube.com/watch?v=REldjd8Cta8,[],VALID
VALEU CADA CENTAVO? VEJA COMO FICOU MINHA CASA...,"Móvel de madeira maciça feito sob medida para o hall de entrada da minha casa. Projeto exclusivo da Ornatos, de Guaraciaba, ...",2026-02-05T20:45:06Z,UCZDQLT-tUMppf4OZI5iedqQ,Vanderlei Campos Jr,j7uYgyePxUA,58,3,0,2026-02-09 18:49:20.312013,www.youtube.com/watch?v=j7uYgyePxUA,[],VALID
O POBRE VAI PAGAR A CONTA DE NOVO #carros #shorts,,2026-02-07T20:30:01Z,UCZDQLT-tUMppf4OZI5iedqQ,Vanderlei Campos Jr,63gyc6O6VGs,21352,1728,84,2026-02-09 18:49:20.712275,www.youtube.com/watch?v=63gyc6O6VGs,[],VALID
CARROS COM SELO TANQUE DE GUERRA #carros #shorts,"Neste conteúdo eu faço uma análise, ranking e classificação de carros, mostrando quais são os melhores e os piores carros do ...",2026-02-07T14:30:22Z,UCZDQLT-tUMppf4OZI5iedqQ,Vanderlei Campos Jr,RmU8nZXB24M,58744,2178,35,2026-02-09 18:49:21.096641,www.youtube.com/watch?v=RmU8nZXB24M,[],VALID
VOCÊ TRABALHA MUITO E PAGA MUITO IMPOSTO #carros #shorts,,2026-02-08T20:30:05Z,UCZDQLT-tUMppf4OZI5iedqQ,Vanderlei Campos Jr,cA9mtj2j4gA,4893,431,7,2026-02-09 18:49:21.480746,www.youtube.com/watch?v=cA9mtj2j4gA,[],VALID
Lula ao vivo no UOL,O presidente Lula concede entrevista ao vivo para a jornalista Daniela Lima do portal UOL.,2026-02-06T03:49:34Z,UC8LeZcF8VFnSRHcAW9-lvwg,Bohn Gass,kQeqFI5l6H8,3832,214,7,2026-02-09 18:58:53.629122,www.youtube.com/watch?v=kQeqFI5l6H8,[],PENDING
"Enfrentamento ao Feminicídio. Homens, não podemos nos omitir","Não podemos nos calar, não podemos nos omitir, fingir que não temos nada a ver com isso. Em briga de marido e mulher, nós ...",2026-02-08T22:00:00Z,UC8LeZcF8VFnSRHcAW9-lvwg,Bohn Gass,K0kAh5WPU10,795,65,1,2026-02-09 18:58:54.094645,www.youtube.com/watch?v=K0kAh5WPU10,"['Lula Presidente', 'Lula', 'Rio Grande do Sul', 'esperançar', 'feliz', 'felicidade', 'povo', 'brasileiro', 'brasileira', 'reconstruir', 'unir', 'união', 'reconstrução', 'pacto', 'feminicídio', 'violência', 'homem', 'mulher', 'respeito']",PENDING
Frei Sérgio Presente!,"O deputado Bohn Gass, o Ministro do Desenvolvimento Agrário e Agricultura Familiar, Paulo Teixeira, o Secretário Nacional de ...",2026-02-04T17:29:27Z,UC8LeZcF8VFnSRHcAW9-lvwg,Bohn Gass,zPgOrIjBVK4,731,31,0,2026-02-09 18:58:54.518365,www.youtube.com/watch?v=zPgOrIjBVK4,"['Lula Presidente', 'Lula', 'Rio Grande do Sul', 'esperançar', 'feliz', 'felicidade', 'povo', 'brasileiro', 'brasileira', 'reconstruir', 'unir', 'união', 'reconstrução', 'mst', 'frei sérgio', 'luta', 'movimento social', 'mpa', 'saudade']",PENDING
Hoje é dia de celebrar uma trajetória e uma postura na política.,"Bohn Gass representa quem faz do diálogo um método, do trabalho diário um compromisso e da ética um princípio inegociável.",2026-02-05T18:54:07Z,UC8LeZcF8VFnSRHcAW9-lvwg,Bohn Gass,wAe0dbVxke0,15,0,0,2026-02-09 18:58:54.962016,www.youtube.com/watch?v=wAe0dbVxke0,"['Lula Presidente', 'Lula', 'Rio Grande do Sul', 'esperançar', 'feliz', 'felicidade', 'povo', 'brasileiro', 'brasileira', 'reconstruir', 'unir', 'união', 'reconstrução']",PENDING
Gás de cozinha de graça para quem precisa,"Agora tem Gás do Povo. O Brasil voltou a garantir dignidade onde antes faltava o básico. Depois de tirar o país do mapa da fome, ...",2026-02-05T22:00:00Z,UC8LeZcF8VFnSRHcAW9-lvwg,Bohn Gass,ZoEUG1aw4Ps,1163,51,0,2026-02-09 18:58:55.400508,www.youtube.com/watch?v=ZoEUG1aw4Ps,"['Lula Presidente', 'Lula', 'Rio Grande do Sul', 'esperançar', 'feliz', 'felicidade', 'povo', 'brasileiro', 'brasileira', 'reconstruir', 'unir', 'união', 'reconstrução', 'gás do povo', 'bolsa família', 'cadúnico', 'glp']",PENDING
🔴 Lula participa do lançamento do Pacto Brasil de Enfrentamento ao Feminicídio,"O presidente Lula participa da cerimônia de lançamento do Pacto Nacional Brasil de Enfrentamento ao Feminicídio, no Palácio ...",2026-02-05T04:13:31Z,UC8LeZcF8VFnSRHcAW9-lvwg,Bohn Gass,oGoqIExRrUU,45,8,0,2026-02-09 18:58:55.860146,www.youtube.com/watch?v=oGoqIExRrUU,[],PENDING
Pacto Nacional - Brasil contra o Feminicídio,Um pacto pela vida das mulheres. A sociedade e os três poderes da República unidos contra o feminicídio. Homem: seja um ...,2026-02-06T22:00:00Z,UC8LeZcF8VFnSRHcAW9-lvwg,Bohn Gass,oyHGUmQIk7o,161,7,0,2026-02-09 18:58:56.322940,www.youtube.com/watch?v=oyHGUmQIk7o,"['Lula Presidente', 'Lula', 'Rio Grande do Sul', 'esperançar', 'feliz', 'felicidade', 'povo', 'brasileiro', 'brasileira', 'reconstruir', 'unir', 'união', 'reconstrução', 'feminicídio', 'pacto', 'violência', 'proteção', 'denúncia', 'disque 180', 'mulher']",PENDING
Brasil Unido pelo Pacto Contra o Feminicídio,"Hoje, nesse país, começamos uma nova era na relação entre homens e mulheres. Entre civilizados, ou não. Entre pessoas que ...",2026-02-07T22:00:00Z,UC8LeZcF8VFnSRHcAW9-lvwg,Bohn Gass,uQzDj0Ts4J4,759,32,2,2026-02-09 18:58:56.848690,www.youtube.com/watch?v=uQzDj0Ts4J4,"['Lula Presidente', 'Lula', 'Rio Grande do Sul', 'esperançar', 'feliz', 'felicidade', 'povo', 'brasileiro', 'brasileira', 'reconstruir', 'unir', 'união', 'reconstrução', 'lula', 'pacto', 'feminicídio', 'violência', 'homem', 'mulher', 'respeito']",PENDING
"FALÊNCIA HÍDRICA! Mundo entrou no vermelho, alerta relatório da ONU",Falência Hídrica: o termo é da ONU e o alerta é científico. Como presidente da Frente Parlamentar em Defesa das Bacias ...,2026-02-02T22:00:00Z,UC8LeZcF8VFnSRHcAW9-lvwg,Bohn Gass,yVSJhNnsLVA,487,47,1,2026-02-09 18:58:57.299409,www.youtube.com/watch?v=yVSJhNnsLVA,"['Lula Presidente', 'Lula', 'Rio Grande do Sul', 'esperançar', 'feliz', 'felicidade', 'povo', 'brasileiro', 'brasileira', 'reconstruir', 'unir', 'união', 'reconstrução', 'água', 'saneamento', 'falência hídrica', 'ONU', 'alerta', 'ciência', 'bacias hidrográficas', 'relatório', 'estudo']",PENDING
O que precisamos aprovar em 2026,Fechamos o ano com Lula: ✔️ inflação controlada ✔️ mais empregos ✔️ salário mínimo com ganho real ✔️ Brasil ...,2026-02-03T22:00:00Z,UC8LeZcF8VFnSRHcAW9-lvwg,Bohn Gass,c4Oz2QxWIJY,1145,35,0,2026-02-09 18:58:57.738919,www.youtube.com/watch?v=c4Oz2QxWIJY,"['Lula Presidente', 'Lula', 'Rio Grande do Sul', 'esperançar', 'feliz', 'felicidade', 'povo', 'brasileiro', 'brasileira', 'reconstruir', 'unir', 'união', 'reconstrução', 'Câmara dos Deputados', 'plenário', 'inflação', 'emprego', 'salário mínimo', 'imposto de renda', 'gás do povo', '6x1', 'tarifa zero']",PENDING
Lula é mais dinheiro no bolso do povo,"Com menos imposto, o Governo Lula já faz diferença no bolso do povo. A saúde está chegando na ponta e o gás agora é gratuito ...",2026-02-07T13:54:16Z,UC8LeZcF8VFnSRHcAW9-lvwg,Bohn Gass,C8Ad5UFGNjY,6,1,1,2026-02-09 18:58:58.130016,www.youtube.com/watch?v=C8Ad5UFGNjY,"['Lula Presidente', 'Lula', 'Rio Grande do Sul', 'esperançar', 'feliz', 'felicidade', 'povo', 'brasileiro', 'brasileira', 'reconstruir', 'unir', 'união', 'reconstrução']",PENDING
&quot;NÃO EXISTE SOBERANIA ONDE NÃO HÁ SOBERANIA ALIMENTAR&quot; - descanse em paz Frei Sérgio Görgen,"Ontem foi dia da despedida do Frei Sérgio Görgen, um dos fundadores do MST, defensor incansável da soberania alimentar, ...",2026-02-04T14:53:50Z,UCHSyn6bXY6rYDTtnLCNVPXw,Nilto Tatto,_1iynxA5fNs,797,23,1,2026-02-09 18:59:04.306144,www.youtube.com/watch?v=_1iynxA5fNs,"['Frei Sergio Görgen', 'Sérgio Görgen', 'Frei', 'MST', 'Reforma Agrária', 'Soberania Alimentar']",PENDING
ABSURDO! Cidade paulista é tomada por milhares de camarões mortos,"A cidade de Igaraçu do Tietê, às margens do Rio Tietê é mais uma cidade impactada pela redução da oxigenação das águas, ...",2026-02-05T14:49:10Z,UCHSyn6bXY6rYDTtnLCNVPXw,Nilto Tatto,A5gZBOuEKek,794,26,0,2026-02-09 18:59:04.761650,www.youtube.com/watch?v=A5gZBOuEKek,"['agrotoxicos', 'camarões', 'Rio Tietê', 'Igaraçu do Tiete']",PENDING
